DELETE FROM Chat;
DELETE FROM Inventory;
DELETE FROM PurchaseHistory;
DELETE FROM Player;
DELETE FROM LocationPriceInfo;
DELETE FROM Item;
DELETE FROM TravelInfo;
DELETE FROM Location;

INSERT INTO Location(LocationID,Name) VALUES(1,"Newsham");
INSERT INTO Location(LocationID,Name) VALUES(2,"Wolfwater");
INSERT INTO Location(LocationID,Name) VALUES(3,"Oakheart");
INSERT INTO Location(LocationID,Name) VALUES(4,"Aberdeen");
INSERT INTO Location(LocationID,Name) VALUES(5,"Dornwich");
INSERT INTO Location(LocationID,Name) VALUES(6,"Snake's Canyon");
INSERT INTO Location(LocationID,Name) VALUES(7,"Icemeet");
INSERT INTO Location(LocationID,Name) VALUES(8,"Squall's End");
INSERT INTO Location(LocationID,Name) VALUES(9,"Everwinter");
INSERT INTO Location(LocationID,Name) VALUES(10,"Dragontail");


INSERT INTO TravelInfo(StartLoc,EndLoc,Distance) VALUES(1,1,86);
INSERT INTO TravelInfo(StartLoc,EndLoc,Distance) VALUES(1,2,15);
INSERT INTO TravelInfo(StartLoc,EndLoc,Distance) VALUES(1,3,35);
INSERT INTO TravelInfo(StartLoc,EndLoc,Distance) VALUES(1,4,92);
INSERT INTO TravelInfo(StartLoc,EndLoc,Distance) VALUES(1,5,21);
INSERT INTO TravelInfo(StartLoc,EndLoc,Distance) VALUES(1,6,27);
INSERT INTO TravelInfo(StartLoc,EndLoc,Distance) VALUES(1,8,63);
INSERT INTO TravelInfo(StartLoc,EndLoc,Distance) VALUES(1,9,40);
INSERT INTO TravelInfo(StartLoc,EndLoc,Distance) VALUES(1,10,72);
INSERT INTO TravelInfo(StartLoc,EndLoc,Distance) VALUES(2,1,11);
INSERT INTO TravelInfo(StartLoc,EndLoc,Distance) VALUES(2,2,67);
INSERT INTO TravelInfo(StartLoc,EndLoc,Distance) VALUES(2,3,82);
INSERT INTO TravelInfo(StartLoc,EndLoc,Distance) VALUES(2,5,23);
INSERT INTO TravelInfo(StartLoc,EndLoc,Distance) VALUES(2,6,35);
INSERT INTO TravelInfo(StartLoc,EndLoc,Distance) VALUES(2,7,2);
INSERT INTO TravelInfo(StartLoc,EndLoc,Distance) VALUES(2,8,58);
INSERT INTO TravelInfo(StartLoc,EndLoc,Distance) VALUES(2,9,67);
INSERT INTO TravelInfo(StartLoc,EndLoc,Distance) VALUES(2,10,56);
INSERT INTO TravelInfo(StartLoc,EndLoc,Distance) VALUES(3,2,29);
INSERT INTO TravelInfo(StartLoc,EndLoc,Distance) VALUES(3,3,21);
INSERT INTO TravelInfo(StartLoc,EndLoc,Distance) VALUES(3,4,84);
INSERT INTO TravelInfo(StartLoc,EndLoc,Distance) VALUES(3,5,98);
INSERT INTO TravelInfo(StartLoc,EndLoc,Distance) VALUES(3,6,15);
INSERT INTO TravelInfo(StartLoc,EndLoc,Distance) VALUES(3,8,26);
INSERT INTO TravelInfo(StartLoc,EndLoc,Distance) VALUES(4,1,73);
INSERT INTO TravelInfo(StartLoc,EndLoc,Distance) VALUES(4,2,70);
INSERT INTO TravelInfo(StartLoc,EndLoc,Distance) VALUES(4,3,81);
INSERT INTO TravelInfo(StartLoc,EndLoc,Distance) VALUES(4,4,25);
INSERT INTO TravelInfo(StartLoc,EndLoc,Distance) VALUES(4,5,27);
INSERT INTO TravelInfo(StartLoc,EndLoc,Distance) VALUES(4,6,5);
INSERT INTO TravelInfo(StartLoc,EndLoc,Distance) VALUES(4,7,29);
INSERT INTO TravelInfo(StartLoc,EndLoc,Distance) VALUES(4,8,57);
INSERT INTO TravelInfo(StartLoc,EndLoc,Distance) VALUES(4,9,95);
INSERT INTO TravelInfo(StartLoc,EndLoc,Distance) VALUES(4,10,45);
INSERT INTO TravelInfo(StartLoc,EndLoc,Distance) VALUES(5,1,67);
INSERT INTO TravelInfo(StartLoc,EndLoc,Distance) VALUES(5,2,64);
INSERT INTO TravelInfo(StartLoc,EndLoc,Distance) VALUES(5,3,50);
INSERT INTO TravelInfo(StartLoc,EndLoc,Distance) VALUES(5,4,8);
INSERT INTO TravelInfo(StartLoc,EndLoc,Distance) VALUES(5,5,78);
INSERT INTO TravelInfo(StartLoc,EndLoc,Distance) VALUES(5,6,84);
INSERT INTO TravelInfo(StartLoc,EndLoc,Distance) VALUES(5,7,51);
INSERT INTO TravelInfo(StartLoc,EndLoc,Distance) VALUES(5,8,99);
INSERT INTO TravelInfo(StartLoc,EndLoc,Distance) VALUES(5,9,60);
INSERT INTO TravelInfo(StartLoc,EndLoc,Distance) VALUES(5,10,68);
INSERT INTO TravelInfo(StartLoc,EndLoc,Distance) VALUES(6,1,12);
INSERT INTO TravelInfo(StartLoc,EndLoc,Distance) VALUES(6,2,86);
INSERT INTO TravelInfo(StartLoc,EndLoc,Distance) VALUES(6,3,39);
INSERT INTO TravelInfo(StartLoc,EndLoc,Distance) VALUES(6,4,70);
INSERT INTO TravelInfo(StartLoc,EndLoc,Distance) VALUES(6,5,78);
INSERT INTO TravelInfo(StartLoc,EndLoc,Distance) VALUES(6,6,1);
INSERT INTO TravelInfo(StartLoc,EndLoc,Distance) VALUES(6,7,2);
INSERT INTO TravelInfo(StartLoc,EndLoc,Distance) VALUES(6,8,92);
INSERT INTO TravelInfo(StartLoc,EndLoc,Distance) VALUES(6,9,56);
INSERT INTO TravelInfo(StartLoc,EndLoc,Distance) VALUES(7,2,41);
INSERT INTO TravelInfo(StartLoc,EndLoc,Distance) VALUES(7,3,89);
INSERT INTO TravelInfo(StartLoc,EndLoc,Distance) VALUES(7,4,19);
INSERT INTO TravelInfo(StartLoc,EndLoc,Distance) VALUES(7,6,31);
INSERT INTO TravelInfo(StartLoc,EndLoc,Distance) VALUES(7,7,97);
INSERT INTO TravelInfo(StartLoc,EndLoc,Distance) VALUES(7,10,9);
INSERT INTO TravelInfo(StartLoc,EndLoc,Distance) VALUES(8,1,67);
INSERT INTO TravelInfo(StartLoc,EndLoc,Distance) VALUES(8,2,97);
INSERT INTO TravelInfo(StartLoc,EndLoc,Distance) VALUES(8,3,86);
INSERT INTO TravelInfo(StartLoc,EndLoc,Distance) VALUES(8,4,6);
INSERT INTO TravelInfo(StartLoc,EndLoc,Distance) VALUES(8,5,19);
INSERT INTO TravelInfo(StartLoc,EndLoc,Distance) VALUES(8,6,28);
INSERT INTO TravelInfo(StartLoc,EndLoc,Distance) VALUES(8,8,29);
INSERT INTO TravelInfo(StartLoc,EndLoc,Distance) VALUES(8,9,19);
INSERT INTO TravelInfo(StartLoc,EndLoc,Distance) VALUES(9,1,8);
INSERT INTO TravelInfo(StartLoc,EndLoc,Distance) VALUES(9,2,40);
INSERT INTO TravelInfo(StartLoc,EndLoc,Distance) VALUES(9,3,96);
INSERT INTO TravelInfo(StartLoc,EndLoc,Distance) VALUES(9,4,18);
INSERT INTO TravelInfo(StartLoc,EndLoc,Distance) VALUES(9,5,46);
INSERT INTO TravelInfo(StartLoc,EndLoc,Distance) VALUES(9,8,79);
INSERT INTO TravelInfo(StartLoc,EndLoc,Distance) VALUES(9,9,64);
INSERT INTO TravelInfo(StartLoc,EndLoc,Distance) VALUES(9,10,41);
INSERT INTO TravelInfo(StartLoc,EndLoc,Distance) VALUES(10,2,0);
INSERT INTO TravelInfo(StartLoc,EndLoc,Distance) VALUES(10,3,64);
INSERT INTO TravelInfo(StartLoc,EndLoc,Distance) VALUES(10,4,14);
INSERT INTO TravelInfo(StartLoc,EndLoc,Distance) VALUES(10,5,56);
INSERT INTO TravelInfo(StartLoc,EndLoc,Distance) VALUES(10,6,91);
INSERT INTO TravelInfo(StartLoc,EndLoc,Distance) VALUES(10,7,65);
INSERT INTO TravelInfo(StartLoc,EndLoc,Distance) VALUES(10,8,36);
INSERT INTO TravelInfo(StartLoc,EndLoc,Distance) VALUES(10,9,51);
INSERT INTO TravelInfo(StartLoc,EndLoc,Distance) VALUES(10,10,28);


INSERT INTO Item(ItemID,Name,Description,BasePrice) VALUES(1,"Sword","DEFAULT",200);
INSERT INTO Item(ItemID,Name,Description,BasePrice) VALUES(2,"Armor","DEFAULT",175);
INSERT INTO Item(ItemID,Name,Description,BasePrice) VALUES(3,"Tools","DEFAULT",45);
INSERT INTO Item(ItemID,Name,Description,BasePrice) VALUES(4,"Iron","DEFAULT",75);
INSERT INTO Item(ItemID,Name,Description,BasePrice) VALUES(5,"Leather","DEFAULT",120);
INSERT INTO Item(ItemID,Name,Description,BasePrice) VALUES(6,"Common Spices","DEFAULT",20);
INSERT INTO Item(ItemID,Name,Description,BasePrice) VALUES(7,"Salt","DEFAULT",15);
INSERT INTO Item(ItemID,Name,Description,BasePrice) VALUES(8,"Groceries","DEFAULT",10);
INSERT INTO Item(ItemID,Name,Description,BasePrice) VALUES(9,"Wine","DEFAULT",60);
INSERT INTO Item(ItemID,Name,Description,BasePrice) VALUES(10,"Rare Spices","DEFAULT",50);
INSERT INTO Item(ItemID,Name,Description,BasePrice) VALUES(11,"Paper","DEFAULT",25);
INSERT INTO Item(ItemID,Name,Description,BasePrice) VALUES(12,"Oil","DEFAULT",85);
INSERT INTO Item(ItemID,Name,Description,BasePrice) VALUES(13,"Wax","DEFAULT",55);
INSERT INTO Item(ItemID,Name,Description,BasePrice) VALUES(14,"Perfume","DEFAULT",100);
INSERT INTO Item(ItemID,Name,Description,BasePrice) VALUES(15,"Silk","DEFAULT",150);
INSERT INTO Item(ItemID,Name,Description,BasePrice) VALUES(16,"Pearls","DEFAULT",250);



INSERT INTO LocationPriceInfo(LocationID,ItemID,BuyPrice,SellPrice) VALUES(1,4,82,66);
INSERT INTO LocationPriceInfo(LocationID,ItemID,BuyPrice,SellPrice) VALUES(1,11,22,16);
INSERT INTO LocationPriceInfo(LocationID,ItemID,BuyPrice,SellPrice) VALUES(1,14,111,73);
INSERT INTO LocationPriceInfo(LocationID,ItemID,BuyPrice,SellPrice) VALUES(2,6,22,14);
INSERT INTO LocationPriceInfo(LocationID,ItemID,BuyPrice,SellPrice) VALUES(2,10,46,35);
INSERT INTO LocationPriceInfo(LocationID,ItemID,BuyPrice,SellPrice) VALUES(2,11,22,15);
INSERT INTO LocationPriceInfo(LocationID,ItemID,BuyPrice,SellPrice) VALUES(3,4,72,51);
INSERT INTO LocationPriceInfo(LocationID,ItemID,BuyPrice,SellPrice) VALUES(3,8,10,6);
INSERT INTO LocationPriceInfo(LocationID,ItemID,BuyPrice,SellPrice) VALUES(3,10,53,44);
INSERT INTO LocationPriceInfo(LocationID,ItemID,BuyPrice,SellPrice) VALUES(3,11,27,18);
INSERT INTO LocationPriceInfo(LocationID,ItemID,BuyPrice,SellPrice) VALUES(3,13,66,33);
INSERT INTO LocationPriceInfo(LocationID,ItemID,BuyPrice,SellPrice) VALUES(3,14,82,66);
INSERT INTO LocationPriceInfo(LocationID,ItemID,BuyPrice,SellPrice) VALUES(4,2,161,117);
INSERT INTO LocationPriceInfo(LocationID,ItemID,BuyPrice,SellPrice) VALUES(4,12,65,50);
INSERT INTO LocationPriceInfo(LocationID,ItemID,BuyPrice,SellPrice) VALUES(4,13,58,50);
INSERT INTO LocationPriceInfo(LocationID,ItemID,BuyPrice,SellPrice) VALUES(4,14,93,75);
INSERT INTO LocationPriceInfo(LocationID,ItemID,BuyPrice,SellPrice) VALUES(5,1,238,166);
INSERT INTO LocationPriceInfo(LocationID,ItemID,BuyPrice,SellPrice) VALUES(5,2,167,157);
INSERT INTO LocationPriceInfo(LocationID,ItemID,BuyPrice,SellPrice) VALUES(5,7,14,9);
INSERT INTO LocationPriceInfo(LocationID,ItemID,BuyPrice,SellPrice) VALUES(5,10,52,29);
INSERT INTO LocationPriceInfo(LocationID,ItemID,BuyPrice,SellPrice) VALUES(5,12,96,57);
INSERT INTO LocationPriceInfo(LocationID,ItemID,BuyPrice,SellPrice) VALUES(6,3,47,32);
INSERT INTO LocationPriceInfo(LocationID,ItemID,BuyPrice,SellPrice) VALUES(6,4,76,48);
INSERT INTO LocationPriceInfo(LocationID,ItemID,BuyPrice,SellPrice) VALUES(6,6,16,18);
INSERT INTO LocationPriceInfo(LocationID,ItemID,BuyPrice,SellPrice) VALUES(6,12,82,64);
INSERT INTO LocationPriceInfo(LocationID,ItemID,BuyPrice,SellPrice) VALUES(6,13,43,42);
INSERT INTO LocationPriceInfo(LocationID,ItemID,BuyPrice,SellPrice) VALUES(6,14,93,72);
INSERT INTO LocationPriceInfo(LocationID,ItemID,BuyPrice,SellPrice) VALUES(7,1,242,186);
INSERT INTO LocationPriceInfo(LocationID,ItemID,BuyPrice,SellPrice) VALUES(7,2,210,122);
INSERT INTO LocationPriceInfo(LocationID,ItemID,BuyPrice,SellPrice) VALUES(7,6,22,15);
INSERT INTO LocationPriceInfo(LocationID,ItemID,BuyPrice,SellPrice) VALUES(7,7,17,11);
INSERT INTO LocationPriceInfo(LocationID,ItemID,BuyPrice,SellPrice) VALUES(7,12,76,63);
INSERT INTO LocationPriceInfo(LocationID,ItemID,BuyPrice,SellPrice) VALUES(7,14,116,88);
INSERT INTO LocationPriceInfo(LocationID,ItemID,BuyPrice,SellPrice) VALUES(7,15,126,101);
INSERT INTO LocationPriceInfo(LocationID,ItemID,BuyPrice,SellPrice) VALUES(7,16,190,200);
INSERT INTO LocationPriceInfo(LocationID,ItemID,BuyPrice,SellPrice) VALUES(8,5,100,87);
INSERT INTO LocationPriceInfo(LocationID,ItemID,BuyPrice,SellPrice) VALUES(8,10,51,35);
INSERT INTO LocationPriceInfo(LocationID,ItemID,BuyPrice,SellPrice) VALUES(8,12,88,64);
INSERT INTO LocationPriceInfo(LocationID,ItemID,BuyPrice,SellPrice) VALUES(8,14,88,88);
INSERT INTO LocationPriceInfo(LocationID,ItemID,BuyPrice,SellPrice) VALUES(9,4,84,57);
INSERT INTO LocationPriceInfo(LocationID,ItemID,BuyPrice,SellPrice) VALUES(9,8,11,7);
INSERT INTO LocationPriceInfo(LocationID,ItemID,BuyPrice,SellPrice) VALUES(10,1,158,171);
INSERT INTO LocationPriceInfo(LocationID,ItemID,BuyPrice,SellPrice) VALUES(10,4,67,65);
INSERT INTO LocationPriceInfo(LocationID,ItemID,BuyPrice,SellPrice) VALUES(10,6,16,12);
INSERT INTO LocationPriceInfo(LocationID,ItemID,BuyPrice,SellPrice) VALUES(10,8,10,7);
INSERT INTO LocationPriceInfo(LocationID,ItemID,BuyPrice,SellPrice) VALUES(10,9,72,53);
INSERT INTO LocationPriceInfo(LocationID,ItemID,BuyPrice,SellPrice) VALUES(10,10,49,42);
INSERT INTO LocationPriceInfo(LocationID,ItemID,BuyPrice,SellPrice) VALUES(10,12,65,51);
INSERT INTO LocationPriceInfo(LocationID,ItemID,BuyPrice,SellPrice) VALUES(10,14,80,77);
INSERT INTO LocationPriceInfo(LocationID,ItemID,BuyPrice,SellPrice) VALUES(10,16,252,222);

INSERT INTO Player(PlayerID,Name,CurrentLocation) VALUES(1,"Nalta",1);
INSERT INTO Player(PlayerID,Name,CurrentLocation) VALUES(2,"Darkfire16",1);
INSERT INTO Player(PlayerID,Name,CurrentLocation) VALUES(3,"Sargoun",1);